<?xml version='1.0' encoding='UTF-8' standalone='yes' ?>
<PROJECT IID="1" BUILDPATH="C:/Users/1203265/AppData/Local/Temp/bb6a14153ac8431aa93f87bec6340b6d/PIC18F4550" VERSION="806" TYPE="SOURCE" NAME="PIC18F4550" CONFIGURATION="Debug">
 <FILES ATTACH="1">
  <FILE ATTACH="1" GROUP="Source Files" NAME="PIC18F4550/main.c"/>
  <FILE ATTACH="1" GROUP="Header Files" NAME="PIC18F4550/system.h"/>
  <FILE ATTACH="1" GROUP="Header Files" NAME="PIC18F4550/app_device_custom_hid.h"/>
  <FILE ATTACH="1" GROUP="Header Files" NAME="PIC18F4550/app_led_usb_status.h"/>
  <FILE ATTACH="1" GROUP="Header Files" NAME="PIC18F4550/buttons.h"/>
  <FILE ATTACH="1" GROUP="Header Files" NAME="PIC18F4550/leds.h"/>
  <FILE ATTACH="1" GROUP="Header Files" NAME="PIC18F4550/power.h"/>
  <FILE ATTACH="1" GROUP="Header Files" NAME="PIC18F4550/usb_config.h"/>
  <FILE ATTACH="1" GROUP="Source Files" NAME="PIC18F4550/app_device_custom_hid.c"/>
  <FILE ATTACH="1" GROUP="Source Files" NAME="PIC18F4550/app_led_usb_status.c"/>
  <FILE ATTACH="1" GROUP="Source Files" NAME="PIC18F4550/buttons.c"/>
  <FILE ATTACH="1" GROUP="Source Files" NAME="PIC18F4550/leds.c"/>
  <FILE ATTACH="1" GROUP="Source Files" NAME="PIC18F4550/system.c"/>
  <FILE ATTACH="1" GROUP="Source Files" NAME="PIC18F4550/usb_descriptors.c"/>
  <FILE ATTACH="1" GROUP="Source Files" NAME="PIC18F4550/usb_device.c"/>
  <FILE ATTACH="1" GROUP="Source Files" NAME="PIC18F4550/usb_device_hid.c"/>
  <FILE ATTACH="1" GROUP="Header Files" NAME="PIC18F4550/usb.h"/>
  <FILE ATTACH="1" GROUP="Header Files" NAME="PIC18F4550/usb_ch9.h"/>
  <FILE ATTACH="1" GROUP="Header Files" NAME="PIC18F4550/usb_common.h"/>
  <FILE ATTACH="1" GROUP="Header Files" NAME="PIC18F4550/usb_device.h"/>
  <FILE ATTACH="1" GROUP="Header Files" NAME="PIC18F4550/usb_device_generic.h"/>
  <FILE ATTACH="1" GROUP="Header Files" NAME="PIC18F4550/usb_device_hid.h"/>
  <FILE ATTACH="1" GROUP="Header Files" NAME="PIC18F4550/usb_device_local.h"/>
  <FILE ATTACH="1" GROUP="Header Files" NAME="PIC18F4550/usb_hal.h"/>
  <FILE ATTACH="1" GROUP="Header Files" NAME="PIC18F4550/usb_hal_pic18.h"/>
  <FILE ATTACH="1" GROUP="Header Files" NAME="PIC18F4550/usb_hid.h"/>
  <FILE ATTACH="1" GROUP="Header Files" NAME="PIC18F4550/usb_struct_queue.h"/>
  <FILE ATTACH="1" GROUP="Firmware Files" NAME="PIC18F4550/Debug/Debug.cof" FIRMWARE="1"/>
 </FILES>
 <CONFIGURATION CRC="8caaa3910c20994af7722b4937240ecc" TARGET="Debug" COMPILER="MPLAB XC8" NAME="Debug">
  <CONTROLLER FAMILY="PIC18" TYPE="PIC18F4550"/>
  <FILE TOOL="LD" NAME="PIC18F4550/Debug/Debug.cof">
   <FILE TOOL="CC" NAME="PIC18F4550/Debug/main.p1">
    <FILE NAME="PIC18F4550/main.c"/>
   </FILE>
   <FILE TOOL="CC" NAME="PIC18F4550/Debug/APP_DE~1.p1">
    <FILE NAME="PIC18F4550/app_device_custom_hid.c"/>
   </FILE>
   <FILE TOOL="CC" NAME="PIC18F4550/Debug/APP_LE~1.p1">
    <FILE NAME="PIC18F4550/app_led_usb_status.c"/>
   </FILE>
   <FILE TOOL="CC" NAME="PIC18F4550/Debug/buttons.p1">
    <FILE NAME="PIC18F4550/buttons.c"/>
   </FILE>
   <FILE TOOL="CC" NAME="PIC18F4550/Debug/leds.p1">
    <FILE NAME="PIC18F4550/leds.c"/>
   </FILE>
   <FILE TOOL="CC" NAME="PIC18F4550/Debug/system.p1">
    <FILE NAME="PIC18F4550/system.c"/>
   </FILE>
   <FILE TOOL="CC" NAME="PIC18F4550/Debug/USB_DE~1.p1">
    <FILE NAME="PIC18F4550/usb_descriptors.c"/>
   </FILE>
   <FILE TOOL="CC" NAME="PIC18F4550/Debug/USB_DE~2.p1">
    <FILE NAME="PIC18F4550/usb_device.c"/>
   </FILE>
   <FILE TOOL="CC" NAME="PIC18F4550/Debug/USB_DE~3.p1">
    <FILE NAME="PIC18F4550/usb_device_hid.c"/>
   </FILE>
  </FILE>
  <FILE NAME="PIC18F4550/system.h"/>
  <FILE NAME="PIC18F4550/app_device_custom_hid.h"/>
  <FILE NAME="PIC18F4550/app_led_usb_status.h"/>
  <FILE NAME="PIC18F4550/buttons.h"/>
  <FILE NAME="PIC18F4550/leds.h"/>
  <FILE NAME="PIC18F4550/power.h"/>
  <FILE NAME="PIC18F4550/usb_config.h"/>
  <FILE NAME="PIC18F4550/usb.h"/>
  <FILE NAME="PIC18F4550/usb_ch9.h"/>
  <FILE NAME="PIC18F4550/usb_common.h"/>
  <FILE NAME="PIC18F4550/usb_device.h"/>
  <FILE NAME="PIC18F4550/usb_device_generic.h"/>
  <FILE NAME="PIC18F4550/usb_device_hid.h"/>
  <FILE NAME="PIC18F4550/usb_device_local.h"/>
  <FILE NAME="PIC18F4550/usb_hal.h"/>
  <FILE NAME="PIC18F4550/usb_hal_pic18.h"/>
  <FILE NAME="PIC18F4550/usb_hid.h"/>
  <FILE NAME="PIC18F4550/usb_struct_queue.h"/>
  <OPTION DEFAULT="1" TOOL="LD" NAME="--output=" VALUE="mcof"/>
  <OPTION DEFAULT="1" TOOL="LD" NAME="-G"/>
  <OPTION DEFAULT="1" TOOL="LD" NAME="--chip=" VALUE="18F4550"/>
  <OPTION DEFAULT="1" TOOL="CC" NAME="--pass1"/>
  <OPTION TOOL="CC" NAME="--errformat=" VALUE="&quot;Error at file %%%%f line %%%%l column %%%%c: (%%%%n) %%%%s&quot;"/>
  <OPTION TOOL="CC" NAME="--warnformat=" VALUE="&quot;Warning at file %%%%f line %%%%l column %%%%c: (%%%%n) %%%%s&quot;"/>
  <OPTION TOOL="CC" NAME="--msgformat=" VALUE="&quot;Message at file %%%%f line %%%%l column %%%%c: (%%%%n) %%%%s&quot;"/>
  <OPTION DEFAULT="1" TOOL="CC" NAME="-G"/>
  <OPTION DEFAULT="1" TOOL="CC" NAME="--chip=" VALUE="18F4550"/>
  <OPTION TOOL="CC" NAME="-I" VALUE="&quot;..\&quot;"/>
 </CONFIGURATION>
 <CONFIGURATION CRC="8caaa3910c20994af7722b4937240ecc" TARGET="Release" COMPILER="MPLAB XC8" NAME="Release">
  <CONTROLLER FAMILY="PIC18" TYPE="PIC18F4550"/>
  <FILE TOOL="LD">
   <FILE TOOL="CC">
    <FILE NAME="PIC18F4550/main.c"/>
   </FILE>
   <FILE TOOL="CC">
    <FILE NAME="PIC18F4550/app_device_custom_hid.c"/>
   </FILE>
   <FILE TOOL="CC">
    <FILE NAME="PIC18F4550/app_led_usb_status.c"/>
   </FILE>
   <FILE TOOL="CC">
    <FILE NAME="PIC18F4550/buttons.c"/>
   </FILE>
   <FILE TOOL="CC">
    <FILE NAME="PIC18F4550/leds.c"/>
   </FILE>
   <FILE TOOL="CC">
    <FILE NAME="PIC18F4550/system.c"/>
   </FILE>
   <FILE TOOL="CC">
    <FILE NAME="PIC18F4550/usb_descriptors.c"/>
   </FILE>
   <FILE TOOL="CC">
    <FILE NAME="PIC18F4550/usb_device.c"/>
   </FILE>
   <FILE TOOL="CC">
    <FILE NAME="PIC18F4550/usb_device_hid.c"/>
   </FILE>
  </FILE>
  <FILE NAME="PIC18F4550/system.h"/>
  <FILE NAME="PIC18F4550/app_device_custom_hid.h"/>
  <FILE NAME="PIC18F4550/app_led_usb_status.h"/>
  <FILE NAME="PIC18F4550/buttons.h"/>
  <FILE NAME="PIC18F4550/leds.h"/>
  <FILE NAME="PIC18F4550/power.h"/>
  <FILE NAME="PIC18F4550/usb_config.h"/>
  <FILE NAME="PIC18F4550/usb.h"/>
  <FILE NAME="PIC18F4550/usb_ch9.h"/>
  <FILE NAME="PIC18F4550/usb_common.h"/>
  <FILE NAME="PIC18F4550/usb_device.h"/>
  <FILE NAME="PIC18F4550/usb_device_generic.h"/>
  <FILE NAME="PIC18F4550/usb_device_hid.h"/>
  <FILE NAME="PIC18F4550/usb_device_local.h"/>
  <FILE NAME="PIC18F4550/usb_hal.h"/>
  <FILE NAME="PIC18F4550/usb_hal_pic18.h"/>
  <FILE NAME="PIC18F4550/usb_hid.h"/>
  <FILE NAME="PIC18F4550/usb_struct_queue.h"/>
  <OPTION DEFAULT="1" TOOL="LD" NAME="--output=" VALUE="intel"/>
  <OPTION DEFAULT="1" TOOL="LD" NAME="--chip=" VALUE="18F4550"/>
  <OPTION DEFAULT="1" TOOL="CC" NAME="--pass1"/>
  <OPTION TOOL="CC" NAME="--errformat=" VALUE="&quot;Error at file %%%%f line %%%%l column %%%%c: (%%%%n) %%%%s&quot;"/>
  <OPTION TOOL="CC" NAME="--warnformat=" VALUE="&quot;Warning at file %%%%f line %%%%l column %%%%c: (%%%%n) %%%%s&quot;"/>
  <OPTION TOOL="CC" NAME="--msgformat=" VALUE="&quot;Message at file %%%%f line %%%%l column %%%%c: (%%%%n) %%%%s&quot;"/>
  <OPTION DEFAULT="1" TOOL="CC" NAME="--chip=" VALUE="18F4550"/>
  <OPTION TOOL="CC" NAME="-I" VALUE="&quot;..\&quot;"/>
 </CONFIGURATION>
</PROJECT>
